a;b;c;d;e;f;t
274.11; 7352.81; 60.13; 293.50; 5; 1; 58.87
255.08; 6577.05; 76.85; 42.83; 2; 7; 33.97
165.45; 4336.23; 14.90; 181.07; 2; 7; 64.36
149.32; 4133.02; 67.02; 161.22; 4; 4; 40.96
267.94; 6898.62; 63.89; 127.55; 2; 5; 47.38
73.77; 2344.34; 12.57; 79.49; 5; 7; 136.39
150.71; 3867.74; 3.36; 230.52; 1; 1; 65.98
260.96; 6824.06; 22.96; 239.88; 3; 4; 70.63
233.64; 6341.06; 0.68; 219.14; 5; 1; 81.67
211.68; 5691.89; 39.30; 221.16; 4; 2; 59.93
253.73; 6443.32; 75.38; 44.55; 1; 1; 54.05
230.93; 6173.27; 69.44; 258.70; 4; 5; 51.09
80.43; 2210.68; 39.16; 231.32; 2; 6; 38.69
154.38; 4259.47; 28.26; 264.48; 4; 1; 60.42
114.39; 2959.68; 45.40; 239.82; 1; 0; 43.59
226.23; 5955.82; 28.82; 216.89; 3; 0; 68.69
106.89; 3172.23; 50.72; 98.77; 5; 1; 43.47
133.56; 3838.97; 6.20; 100.49; 5; 3; 51.22
78.54; 2363.53; 10.14; 294.10; 4; 6; 37.90
187.67; 4791.80; 45.70; 209.68; 1; 4; 45.08
265.64; 7140.94; 12.11; 286.40; 5; 1; 71.97
258.53; 6563.32; 70.99; 223.09; 1; 5; 48.49
249.51; 6537.69; 24.82; 112.69; 3; 4; 82.43
84.58; 2314.54; 35.03; 253.73; 2; 2; 42.80
126.63; 3665.66; 49.91; 211.17; 5; 2; 37.83
200.75; 5518.85; 67.29; 182.63; 5; 4; 48.28
157.03; 4425.70; 18.87; 52.06; 5; 1; 52.46
245.90; 6247.54; 30.79; 230.53; 1; 7; 68.96
262.94; 6773.45; 33.66; 254.65; 2; 6; 59.63
96.88; 2522.12; 29.83; 139.01; 1; 4; 42.59
141.94; 3748.58; 46.50; 193.53; 2; 5; 51.12
253.21; 6830.17; 31.74; 110.07; 5; 2; 70.75
150.51; 4062.76; 68.46; 158.94; 3; 2; 37.27
204.48; 5411.97; 67.43; 262.47; 3; 6; 52.86
243.58; 6589.43; 38.10; 200.83; 5; 2; 63.33
92.39; 2509.84; 22.32; 130.63; 2; 3; 47.68
233.78; 5944.55; 60.91; 214.59; 1; 4; 46.35
139.18; 3879.41; 11.65; 220.84; 4; 2; 57.09
151.72; 3892.91; 1.35; 272.02; 1; 1; 67.35
120.11; 3302.78; 50.79; 116.74; 3; 7; 35.93
221.41; 5735.29; 8.38; 225.55; 2; 1; 70.12
203.16; 5278.94; 67.03; 176.33; 2; 6; 181.11
238.43; 6160.71; 60.66; 186.44; 2; 7; 54.69
255.06; 6676.52; 48.18; 237.82; 3; 1; 74.68
256.19; 6704.72; 13.61; 123.69; 3; 0; 77.57
163.66; 4591.54; 16.44; 61.18; 5; 4; 48.25
89.92; 2647.90; 35.12; 132.72; 4; 3; 45.24
78.68; 2066.88; 71.22; 255.74; 1; 5; 26.48
213.23; 5630.85; 48.51; 88.14; 3; 4; 65.48
209.26; 5731.57; 7.11; 100.02; 5; 3; 73.40
258.60; 6765.11; 57.03; 58.12; 3; 7; 170.45
261.26; 6631.46; 28.86; 163.98; 1; 5; 62.21
212.35; 5408.82; 48.35; 153.22; 1; 2; 59.70
152.44; 4210.93; 13.44; 95.75; 4; 3; 55.65
148.24; 4206.08; 21.34; 252.56; 5; 2; 66.82
69.81; 1845.36; 44.95; 133.77; 1; 2; 40.53
201.99; 5549.66; 14.02; 244.80; 5; 5; 259.91
269.71; 6942.87; 53.28; 222.04; 2; 7; 65.84
77.96; 2448.91; 63.66; 176.40; 5; 3; 29.30
71.54; 2188.59; 34.01; 248.46; 4; 4; 38.25
249.05; 6326.18; 74.94; 217.31; 1; 2; 47.09
269.36; 7134.12; 46.08; 214.54; 4; 6; 66.63
255.41; 6885.32; 63.73; 119.42; 5; 6; 49.34
186.48; 4761.94; 75.78; 223.08; 1; 5; 35.79
158.81; 4270.22; 61.66; 62.49; 3; 3; 38.87
231.03; 5875.72; 76.03; 256.94; 1; 3; 46.43
135.98; 3599.53; 77.02; 267.40; 2; 4; 34.02
101.69; 2942.25; 32.22; 136.61; 4; 4; 45.66
184.99; 4824.73; 45.94; 289.30; 2; 6; 58.87
88.60; 2415.03; 72.71; 68.92; 2; 7; 26.32
137.01; 3525.16; 3.25; 213.28; 1; 7; 68.50
158.29; 4157.14; 35.39; 57.18; 2; 7; 51.40
212.60; 5515.03; 11.91; 227.54; 2; 0; 79.09
114.37; 3259.21; 76.43; 158.86; 4; 7; 32.25
134.73; 3868.22; 50.05; 50.38; 5; 7; 37.60
159.82; 4095.47; 1.78; 289.95; 1; 4; 61.51
91.98; 2799.40; 26.37; 75.56; 5; 5; 49.11
180.22; 4705.57; 64.32; 298.56; 2; 5; -150.73
156.31; 4007.79; 58.03; 161.38; 1; 0; 42.32
107.79; 3094.76; 59.78; 294.88; 4; 1; 35.32
219.02; 5875.40; 19.76; 259.62; 4; 6; 71.20
178.10; 4752.40; 66.57; 275.70; 3; 4; 42.75
76.44; 2211.06; 68.24; 264.01; 3; 7; 24.68
101.30; 3032.44; 62.62; 207.41; 5; 0; 29.02
117.79; 3444.67; 2.18; 121.55; 5; 3; 57.78
262.89; 6972.13; 39.00; 54.15; 4; 5; 62.25
181.69; 4942.22; 45.19; 243.87; 4; 4; 55.00
132.28; 3806.98; 75.92; 120.08; 5; 6; 32.55
137.85; 3646.20; 51.94; 127.53; 2; 3; 48.47
211.30; 5582.59; 72.77; 100.21; 3; 2; 44.54
134.13; 3553.35; 18.15; 267.84; 2; 4; 53.44
154.59; 4064.67; 61.48; 228.56; 2; 6; 34.56
265.19; 6929.84; 55.26; 244.21; 3; 4; 69.92
128.13; 3403.23; 50.32; 78.19; 2; 5; 47.82
214.24; 5456.10; 50.93; 285.25; 1; 3; 58.40
126.78; 3269.49; 53.30; 119.10; 1; 6; 42.46
255.13; 6478.20; 33.58; 159.23; 1; 0; 63.90
151.85; 3996.30; 50.02; 141.63; 2; 3; 50.28
166.89; 4672.21; 60.15; 245.32; 5; 0; 41.42
175.53; 4688.28; 72.25; 78.05; 3; 7; 42.98
256.03; 6800.78; 48.90; 179.31; 4; 6; 69.41
62.30; 1757.62; 20.19; 122.01; 2; 6; 39.13
63.90; 2097.48; 37.39; 296.61; 5; 6; 31.84
228.62; 6115.62; 60.49; 86.70; 4; 7; 52.71
124.77; 3519.26; 59.87; 131.65; 4; 5; 38.10
191.03; 5175.82; 63.92; 165.41; 4; 1; 43.29
170.94; 4673.51; 28.36; 57.19; 4; 2; 58.39
261.85; 6946.16; 52.45; 53.14; 4; 2; 68.54
83.37; 2384.37; 48.77; 134.82; 3; 0; 40.81
248.07; 6601.78; 59.53; 251.45; 4; 1; 53.84
221.31; 6032.68; 36.36; 295.12; 5; 2; 62.58
266.16; 6953.90; 32.41; 267.22; 3; 3; 72.40
187.37; 5184.33; 47.23; 111.86; 5; 0; 60.93
236.25; 6106.32; 9.21; 290.49; 2; 4; 82.13
165.52; 4238.10; 40.15; 57.31; 1; 2; 53.26
151.07; 3976.72; 22.93; 196.24; 2; 2; 56.21
97.80; 2845.04; 56.25; 135.34; 4; 0; 33.94
209.23; 5430.79; 6.72; 299.06; 2; 6; 77.45
211.56; 5688.88; 59.08; 112.92; 4; 6; 46.32
131.91; 3397.80; 60.08; 115.67; 1; 4; 45.63
98.92; 2972.93; 25.16; 167.60; 5; 5; 48.28
179.99; 4799.71; 78.68; 95.88; 3; 4; 40.65
108.53; 3213.23; 1.85; 142.62; 5; 5; 49.45
93.59; 2539.86; 17.72; 69.56; 2; 2; 49.01
98.49; 2962.33; 24.89; 84.44; 5; 4; 52.27
200.79; 5119.70; 9.32; 235.77; 1; 6; 65.78
121.06; 3426.45; 51.88; 88.32; 4; 1; 41.70
80.12; 2503.01; 29.89; 40.30; 5; 7; -160.44
153.64; 3941.05; 69.19; 246.14; 1; 3; 39.47
193.43; 5035.72; 23.26; 121.92; 2; 2; 61.39
171.66; 4391.42; 56.85; 202.16; 1; 4; 53.03
230.57; 6164.25; 33.40; 127.93; 4; 1; 75.54
227.62; 5990.52; 69.11; 148.89; 3; 4; 44.81
255.18; 6779.61; 4.20; 54.29; 4; 2; 276.10
200.01; 5300.16; 76.82; 258.64; 3; 6; 42.11
231.39; 5884.73; 60.99; 298.17; 1; 6; 53.03
219.62; 5790.59; 7.63; 193.33; 3; 3; 70.03
228.77; 6219.15; 63.52; 285.61; 5; 4; 54.64
142.69; 3667.21; 8.12; 121.33; 1; 5; 49.16
220.96; 5924.01; 57.41; 94.21; 4; 6; 63.21
164.33; 4208.19; 22.84; 201.95; 1; 2; 57.69
155.49; 4087.31; 2.95; 235.62; 2; 3; 69.95
82.42; 2160.58; 50.67; 243.05; 1; 0; 39.95
190.50; 4962.56; 23.78; 211.09; 2; 2; 72.04
79.73; 2093.37; 8.79; 56.17; 1; 7; 41.41
95.44; 2785.97; 70.51; 241.76; 4; 2; 29.93
97.84; 2646.11; 46.39; 157.36; 2; 6; 38.19
153.55; 4238.72; 79.26; 286.62; 4; 1; 31.34
173.81; 4645.36; 64.48; 283.67; 3; 3; 46.95
125.76; 3244.06; 58.32; 43.41; 1; 6; 36.90
75.00; 2375.04; 3.51; 233.45; 5; 6; 39.55
148.11; 4102.85; 75.14; 286.94; 4; 1; 35.07
279.54; 7288.44; 24.39; 202.77; 3; 7; 73.55
210.33; 5358.34; 28.79; 109.34; 1; 7; -142.67
156.21; 4105.13; 69.01; 144.86; 2; 4; 38.59
220.90; 5622.51; 17.38; 77.10; 1; 0; 71.65
258.00; 6749.88; 60.18; 105.56; 3; 1; 58.86
255.67; 6691.63; 5.51; 56.58; 3; 6; 73.66
101.09; 2927.34; 17.76; 89.52; 4; 3; 48.18
105.63; 3040.87; 59.07; 160.79; 4; 1; 36.16
86.19; 2654.86; 60.61; 106.66; 5; 3; 33.34
105.64; 2940.94; 10.44; 277.56; 3; 0; 50.10
195.81; 4995.14; 67.38; 187.79; 1; 0; 45.15
79.47; 2186.78; 49.05; 230.67; 2; 0; 39.95
196.92; 5123.05; 76.18; 276.18; 2; 1; 39.04
194.80; 4969.90; 55.80; 51.99; 1; 2; 47.84
261.38; 6934.52; 44.44; 172.57; 4; 7; 67.52
187.91; 4997.87; 23.52; 76.43; 3; 3; 59.52
158.53; 4063.26; 58.30; 243.78; 1; 1; 40.07
223.22; 5780.58; 45.47; 189.39; 2; 1; 68.67
270.50; 7262.41; 32.81; 253.42; 5; 3; 66.13
262.22; 7055.56; 68.61; 209.42; 5; 7; 55.98
66.21; 2055.24; 5.32; 291.27; 4; 5; 43.88
135.02; 3575.49; 53.02; 125.21; 2; 6; 38.18
267.00; 6975.06; 63.21; 86.29; 3; 3; 53.59
131.53; 3788.23; 43.24; 126.89; 5; 3; 40.20
241.29; 6332.18; 21.32; 53.57; 3; 7; 57.74
190.89; 4872.24; 62.73; 127.61; 1; 6; 41.93
231.44; 5986.02; 66.79; 48.07; 2; 2; 51.54
111.02; 3275.50; 18.73; 155.26; 5; 5; 56.24
207.24; 5681.01; 10.15; 42.08; 5; 3; 289.76
275.46; 6986.54; 21.73; 143.07; 1; 1; 79.75
120.08; 3202.05; 11.68; 274.98; 2; 0; 42.53
268.66; 7216.47; 23.93; 267.33; 5; 0; 89.84
123.78; 3394.51; 3.54; 106.64; 3; 5; 62.99
218.00; 5649.93; 29.70; 254.15; 2; 1; 63.22
172.28; 4807.11; 33.23; 113.89; 5; 2; 69.77
81.93; 2348.26; 51.36; 156.67; 3; 2; 33.24
185.83; 4745.69; 31.78; 206.42; 1; 3; 58.95
122.91; 3272.83; 62.97; 215.71; 2; 1; 35.59
239.45; 6086.25; 64.23; 267.95; 1; 1; 56.51
66.12; 1753.03; 17.74; 135.26; 1; 7; 36.08
214.40; 5659.96; 39.10; 183.96; 3; 2; 54.33
189.43; 5035.81; 58.08; 58.99; 3; 6; 49.06
126.12; 3552.98; 56.28; 120.01; 4; 6; 39.49
158.36; 4459.01; 65.11; 157.11; 5; 0; 38.75
161.37; 4534.34; 15.46; 92.84; 5; 4; 66.15
177.87; 4946.66; 37.66; 74.57; 5; 3; 55.71
264.28; 7007.00; 12.43; 170.54; 4; 3; 89.42
219.99; 5799.64; 19.84; 211.00; 3; 6; 85.93
60.90; 1822.51; 50.39; 44.89; 3; 3; 30.08
211.12; 5477.88; 56.53; 124.25; 2; 5; 53.99
154.10; 4152.46; 13.30; 275.41; 3; 1; 58.10
247.13; 6378.19; 14.34; 261.56; 2; 5; 73.16
254.47; 6661.76; 35.23; 66.46; 3; 5; 67.25
235.91; 6297.87; 65.92; 42.16; 4; 7; 63.25
140.61; 3915.16; 51.94; 56.79; 4; 6; 46.20
110.84; 3270.99; 8.65; 274.23; 5; 3; 54.72
67.64; 1990.94; 52.44; 187.40; 3; 2; 28.82
83.21; 2580.19; 4.14; 85.72; 5; 3; 43.74
124.66; 3316.56; 25.81; 47.24; 2; 1; 53.77
62.15; 1953.68; 70.77; 192.13; 4; 4; 18.68
93.24; 2631.02; 0.08; 142.04; 3; 5; 59.95
275.74; 7193.43; 12.56; 124.48; 3; 5; 78.94
170.52; 4762.97; 69.72; 55.19; 5; 7; 44.62
248.79; 6519.74; 15.94; 246.81; 3; 7; 71.53
129.80; 3544.98; 76.06; 81.88; 3; 5; 28.68
253.42; 6435.48; 58.35; 283.06; 1; 2; 58.03
143.98; 3899.44; 48.69; 272.02; 3; 5; 47.81
259.09; 6677.34; 32.18; 203.25; 2; 5; 85.29
164.74; 4418.43; 59.08; 117.21; 3; 6; 41.32
128.79; 3519.70; 70.15; 195.91; 3; 5; 33.03
84.90; 2622.40; 18.53; 98.18; 5; 5; 50.30
269.64; 6841.05; 60.62; 179.01; 1; 3; 64.12
140.87; 3821.70; 27.27; 125.77; 3; 5; 50.06
187.86; 4796.51; 73.53; 293.82; 1; 3; 43.13
199.50; 5187.39; 40.83; 139.37; 2; 0; 62.19
155.12; 4177.88; 61.82; 94.88; 3; 0; 42.09
108.61; 3115.19; 72.08; 105.85; 4; 7; 33.80
81.92; 2247.91; 44.57; 216.54; 2; 5; 35.43
144.62; 3715.41; 63.04; 126.40; 1; 7; 34.89
137.00; 3725.03; 74.77; 60.35; 3; 6; 39.01
246.94; 6273.46; 24.89; 245.77; 1; 5; 72.52
215.61; 5890.16; 15.88; 254.63; 5; 6; 73.17
273.38; 7234.59; 77.04; 298.46; 4; 5; 47.24
253.50; 6637.49; 19.24; 189.57; 3; 1; 70.10
204.76; 5619.09; 1.74; 234.23; 5; 0; 72.11
141.15; 3628.80; 21.27; 64.90; 1; 1; 47.50
130.17; 3654.25; 34.95; 273.75; 4; 7; 48.18
159.02; 4175.56; 14.79; 159.43; 2; 6; 50.73
87.22; 2580.41; 35.73; 172.31; 4; 2; 41.12
147.38; 3984.51; 40.25; 140.42; 3; 0; 56.83
86.99; 2474.64; 56.84; 136.26; 3; 2; 38.14
91.28; 2482.11; 22.27; 158.48; 2; 7; 45.32
156.70; 4117.56; 31.45; 85.30; 2; 7; 56.77
263.26; 6981.58; 48.69; 230.29; 4; 0; 64.43
88.74; 2318.40; 33.16; 72.49; 1; 3; 43.23
168.26; 4406.40; 16.49; 226.37; 2; 0; 61.46
241.93; 6348.22; 30.68; 282.11; 3; 4; 64.93
111.53; 2988.32; 46.39; 217.56; 2; 3; 38.48
129.32; 3633.02; 67.86; 236.04; 4; 3; 39.44
222.04; 6051.05; 29.23; 61.83; 5; 7; 61.83
78.86; 2271.61; 62.70; 297.06; 3; 0; 207.13
268.48; 7211.88; 13.55; 253.44; 5; 5; 74.93
199.54; 5488.57; 48.34; 122.04; 5; 0; 41.04
272.19; 7104.81; 38.36; 108.11; 3; 1; 77.95
119.62; 3290.61; 22.72; 121.65; 3; 1; 49.61
224.27; 5906.84; 31.84; 283.59; 3; 3; 61.72
84.03; 2200.83; 33.45; 226.52; 1; 7; 41.52
128.57; 3514.34; 35.38; 89.52; 3; 7; 46.36
68.34; 2108.42; 73.06; 119.63; 4; 6; 20.86
191.20; 5280.01; 4.10; 151.20; 5; 6; 75.65
100.19; 2904.73; 54.76; 272.98; 4; 0; 33.66
135.61; 3590.20; 52.56; 161.12; 2; 6; 41.21
150.87; 3971.73; 0.79; 43.64; 2; 5; 67.58
87.80; 2295.00; 31.22; 41.16; 1; 1; 45.49
232.79; 5919.78; 79.51; 80.89; 1; 1; 36.28
76.70; 2117.62; 25.75; 261.34; 2; 5; 46.89
83.15; 2378.81; 35.15; 251.86; 3; 4; 48.90
114.78; 3269.49; 39.71; 224.16; 4; 5; 43.27
123.29; 3482.26; 58.70; 87.15; 4; 1; 45.37
102.17; 2654.13; 1.32; 106.24; 1; 6; 47.91
208.41; 5710.21; 30.17; 65.06; 5; 5; 54.64
163.58; 4489.39; 75.58; 193.24; 4; 0; 38.67
130.84; 3370.99; 2.04; 283.98; 1; 1; 68.87
133.80; 3844.97; 31.57; 47.29; 5; 5; 56.13
108.78; 3119.51; 12.60; 198.34; 4; 7; 55.76
137.12; 3528.11; 78.99; 266.67; 1; 6; 34.68
235.75; 6293.80; 72.95; 223.28; 4; 0; 44.47
156.72; 4018.02; 45.12; 221.56; 1; 3; 56.75
261.40; 7035.10; 43.82; 51.02; 5; 2; 63.17
98.12; 2952.94; 53.34; 289.49; 5; 1; 205.85
176.93; 4523.19; 76.16; 138.85; 1; 4; 39.83
226.37; 6159.15; 31.87; 287.87; 5; 4; 69.17
74.94; 2373.49; 56.02; 274.59; 5; 2; 32.08
260.08; 6701.93; 51.37; 261.77; 2; 1; 105.42
148.69; 4217.27; 16.52; 263.60; 5; 6; 49.16
218.05; 5651.27; 63.10; 282.25; 2; 7; 63.91
138.25; 3756.36; 42.91; 140.22; 3; 0; 54.88
103.62; 2690.57; 43.74; 147.27; 1; 0; 36.58
180.78; 4919.38; 54.88; 266.85; 4; 3; 57.19
105.38; 2934.55; 50.74; 277.11; 3; 5; 39.41
251.58; 6589.49; 45.65; 201.08; 3; 3; 64.89
62.61; 2065.34; 62.05; 218.45; 5; 1; 20.86
238.35; 6158.85; 53.77; 138.68; 2; 7; 48.00
169.81; 4445.36; 41.07; 265.78; 2; 2; 56.03
82.49; 2362.17; 0.36; 283.08; 3; 5; 46.05
82.95; 2373.79; 34.16; 135.72; 3; 7; 35.85
180.54; 5013.49; 17.01; 229.12; 5; 7; 60.56
221.04; 5625.93; 12.18; 254.07; 1; 5; 73.07
249.68; 6641.89; 24.09; 62.01; 4; 3; 69.22
249.08; 6526.93; 14.31; 266.29; 3; 5; 84.49
170.68; 4467.09; 7.73; 299.89; 2; 2; 61.79
160.30; 4407.49; 60.57; 170.47; 4; 1; 55.21
201.60; 5139.98; 51.81; 274.42; 1; 4; 50.80
194.19; 5354.69; 27.51; 208.25; 5; 2; 61.64
62.19; 1654.84; 30.22; 82.66; 1; 0; 40.44
114.71; 2967.64; 45.21; 247.43; 1; 4; 40.88
278.30; 7457.56; 39.94; 136.64; 5; 1; 68.65
124.05; 3501.28; 35.58; 110.37; 4; 7; 44.16
159.05; 4176.19; 44.93; 207.49; 2; 2; 45.14
253.71; 6842.87; 15.42; 163.23; 5; 3; 305.53
123.03; 3475.70; 36.72; 219.95; 4; 0; 41.79
159.10; 4177.40; 71.18; 229.07; 2; 4; 34.33
268.18; 6804.44; 75.82; 221.17; 1; 6; 52.64
193.08; 5026.89; 23.45; 226.19; 2; 3; 69.89
183.35; 4683.67; 75.53; 213.59; 1; 7; 42.71
135.43; 3885.77; 48.62; 61.60; 5; 4; 48.48
86.67; 2366.74; 36.40; 69.61; 2; 4; 42.90
83.55; 2288.68; 71.16; 42.31; 2; 2; 28.40
90.01; 2650.21; 9.97; 199.65; 4; 5; 48.52
211.31; 5582.83; 39.79; 186.03; 3; 6; 64.84
115.69; 3092.33; 54.19; 142.58; 2; 2; 37.97
192.31; 5007.80; 64.63; 66.55; 2; 3; 54.89
123.46; 3186.54; 79.83; 288.45; 1; 2; 31.96
118.59; 3264.67; 41.61; 224.32; 3; 1; 50.42
204.23; 5605.86; 33.93; 256.38; 5; 3; 60.08
168.65; 4316.13; 67.06; 248.33; 1; 1; 47.29
234.46; 6261.49; 3.97; 104.82; 4; 7; 83.01
122.90; 3372.43; 79.25; 123.82; 3; 0; 34.60
167.93; 4298.18; 67.09; 105.76; 1; 7; 42.92
69.10; 1827.43; 40.52; 187.45; 1; 2; 35.50
64.42; 2010.41; 69.85; 282.44; 4; 7; 23.13
220.36; 6009.02; 14.75; 51.05; 5; 4; 72.54
276.46; 7011.48; 51.16; 253.58; 1; 0; 62.28
133.85; 3646.32; 3.13; 270.60; 3; 7; 68.63
207.72; 5593.07; 53.51; 148.33; 4; 7; 45.33
124.15; 3603.84; 10.59; 263.26; 5; 2; 60.83
86.94; 2673.51; 15.07; 133.15; 5; 3; 52.54
64.37; 2009.20; 37.90; 42.74; 4; 4; 35.73
185.15; 5028.81; 68.19; 231.53; 4; 1; 40.52
101.29; 2732.28; 73.80; 193.63; 2; 3; 31.91
142.48; 3662.06; 19.76; 44.45; 1; 7; 52.92
159.80; 4495.01; 23.39; 152.78; 5; 4; 52.50
167.23; 4380.65; 79.66; 136.88; 2; 7; 39.17
197.05; 5426.17; 25.11; 78.37; 5; 7; 74.53
77.44; 2236.08; 49.58; 201.77; 3; 6; 35.15
192.62; 5315.47; 32.40; 128.19; 5; 7; 63.75
253.48; 6737.11; 38.69; 292.19; 4; 4; 71.74
171.66; 4591.38; 42.04; 75.17; 3; 3; 53.99
191.46; 4886.62; 75.84; 42.78; 1; 7; 47.96
79.62; 2190.56; 54.78; 57.52; 2; 1; 32.51
166.84; 4470.95; 2.01; 87.32; 3; 4; 84.37
212.59; 5414.82; 5.01; 148.77; 1; 0; 77.11
82.90; 2172.45; 67.07; 52.14; 1; 1; 39.57
77.74; 2343.42; 64.83; 257.81; 4; 0; 27.52
257.37; 6834.37; 72.72; 150.32; 4; 7; 44.52
248.08; 6402.02; 23.18; 128.67; 2; 4; 83.36
240.80; 6219.94; 53.45; 52.80; 2; 7; 61.91
256.20; 6804.93; 0.12; 277.01; 4; 5; 89.26
98.02; 2750.43; 77.17; 268.29; 3; 5; 25.22
61.97; 1949.23; 29.86; 290.76; 4; 7; 33.42
272.53; 6913.15; 73.73; 231.27; 1; 4; 51.38
177.89; 4647.24; 50.25; 241.83; 2; 4; 49.72
61.76; 1843.96; 20.18; 152.17; 3; 5; 45.02
220.30; 5707.50; 68.23; 237.55; 2; 4; 41.79
132.56; 3614.05; 1.07; 126.59; 3; 2; 58.38
200.25; 5106.22; 40.02; 141.17; 1; 3; 62.28
222.44; 5761.03; 16.41; 114.28; 2; 2; 77.75
172.58; 4614.43; 51.24; 52.20; 3; 6; 51.98
243.26; 6281.62; 43.00; 99.19; 2; 6; 62.59
229.77; 6044.33; 56.35; 266.91; 3; 2; 58.58
185.43; 5035.65; 69.53; 46.83; 4; 1; 34.26
185.30; 4932.45; 28.84; 208.09; 3; 6; 11.17
120.07; 3501.86; 78.48; 80.22; 5; 1; 28.86
279.25; 7381.37; 14.65; 250.27; 4; 1; 87.25
196.06; 5101.55; 64.43; 272.68; 2; 1; 53.44
221.80; 6044.94; 13.40; 289.19; 5; 2; 69.93
115.59; 3289.63; 64.87; 95.74; 4; 4; 31.11
180.24; 4706.01; 58.71; 177.22; 2; 3; 45.25
62.87; 1971.84; 27.70; 285.04; 4; 3; 43.23
61.60; 1739.97; 15.77; 243.88; 2; 0; 36.18
257.37; 6634.34; 62.84; 263.49; 2; 4; 58.05
118.89; 3272.36; 64.66; 258.42; 3; 5; 28.47
87.40; 2684.88; 1.02; 285.43; 5; 3; 156.40
239.11; 6077.76; 19.71; 209.22; 1; 4; 65.49
278.53; 7463.13; 67.37; 259.52; 5; 6; 55.56
264.14; 7003.58; 14.79; 251.53; 4; 7; 79.43
104.14; 3103.53; 0.50; 268.59; 5; 1; 53.24
255.57; 6489.37; 13.18; 237.35; 1; 1; 75.08
207.37; 5284.26; 53.14; 200.14; 1; 7; 55.96
156.22; 4405.55; 25.69; 119.46; 5; 1; 47.75
214.60; 5465.03; 61.40; 179.76; 1; 0; 59.08
192.86; 5321.39; 73.98; 65.79; 5; 0; 36.16
134.15; 3453.64; 18.96; 94.68; 1; 1; 59.36
142.11; 3752.69; 66.17; 295.40; 2; 7; 40.77
148.80; 4020.07; 72.79; 274.14; 3; 6; 32.31
96.75; 2618.86; 35.45; 117.41; 2; 2; 44.66
217.40; 5534.94; 68.43; 136.90; 1; 0; 48.06
207.03; 5375.64; 51.36; 88.51; 2; 1; 65.71
117.67; 3441.63; 38.62; 117.13; 5; 7; 48.55
217.22; 5630.43; 59.39; 212.07; 2; 2; 51.59
274.12; 7052.94; 34.66; 287.47; 2; 1; 59.94
100.60; 2715.08; 66.66; 166.26; 2; 7; 35.42
163.59; 4589.64; 32.54; 118.64; 5; 7; 54.80
164.39; 4209.79; 11.00; 224.28; 1; 1; 53.86
170.15; 4353.81; 77.84; 200.51; 1; 3; 31.80
152.37; 3909.17; 32.04; 194.95; 1; 2; 49.40
75.04; 2176.07; 8.66; 253.07; 3; 0; 45.38
134.61; 3565.20; 5.23; 287.11; 2; 6; 53.29
85.68; 2641.90; 46.64; 107.46; 5; 7; 35.19
177.51; 4937.75; 56.29; 127.89; 5; 6; 50.67
212.31; 5707.72; 20.39; 240.07; 4; 4; 81.78
167.02; 4575.53; 54.93; 203.41; 4; 3; 50.05
71.11; 1877.81; 61.03; 117.67; 1; 1; 26.97
192.20; 5204.97; 29.41; 206.27; 4; 4; 71.33
107.19; 2979.74; 27.50; 122.18; 3; 3; 46.28
131.09; 3377.18; 57.47; 287.11; 1; 4; 42.54
267.91; 6797.66; 75.92; 178.39; 1; 5; 51.08
277.07; 7426.77; 16.49; 144.00; 5; 5; 90.82
247.08; 6576.93; 48.05; 215.76; 4; 7; 62.83
210.25; 5656.18; 63.68; 88.45; 4; 2; 45.33
248.15; 6503.64; 9.50; 61.45; 3; 4; 87.68
258.65; 6966.26; 72.53; 118.14; 5; 4; 197.62
174.37; 4859.21; 32.27; 49.83; 5; 2; 61.33
259.06; 6976.61; 69.12; 52.92; 5; 5; 51.65
66.49; 1862.36; 38.76; 161.57; 2; 3; 31.45
265.70; 7142.53; 63.27; 203.22; 5; 5; 57.86
104.41; 2710.13; 21.99; 181.48; 1; 3; 45.63
266.69; 6967.33; 63.87; 251.89; 3; 5; 50.74
185.97; 5149.36; 54.47; 178.66; 5; 1; 51.93
60.61; 1615.13; 55.65; 78.09; 1; 0; 20.50
269.54; 7238.60; 15.23; 97.99; 5; 1; 80.15
152.04; 4101.06; 30.86; 66.35; 3; 4; 56.89
174.32; 4558.11; 59.44; 231.88; 2; 6; 39.82
232.06; 6201.60; 78.92; 273.73; 4; 5; 39.19
267.18; 7079.43; 70.02; 59.58; 4; 2; 51.52
106.64; 2766.12; 7.63; 208.27; 1; 3; 50.75
185.61; 4940.26; 8.91; 181.34; 3; 1; 63.93
185.45; 4936.22; 13.24; 162.81; 3; 3; 60.23
216.53; 5713.33; 56.00; 48.25; 3; 1; 51.07
237.82; 6245.52; 38.01; 112.22; 3; 6; 64.53
220.17; 5604.34; 35.59; 180.09; 1; 2; 73.59
174.59; 4564.80; 64.77; 261.03; 2; 6; 49.58
169.40; 4734.91; 25.62; 92.46; 5; 2; 61.11
82.06; 2251.45; 65.77; 53.99; 2; 5; 30.64
61.86; 1846.48; 45.17; 256.57; 3; 0; 157.68
191.19; 4979.83; 13.45; 157.67; 2; 5; 74.22
166.92; 4573.12; 70.91; 180.58; 4; 5; 38.87
233.60; 6039.92; 61.15; 280.37; 2; 0; 119.18
164.63; 4615.63; 20.39; 238.91; 5; 3; 60.97
224.50; 5712.50; 38.34; 229.14; 1; 4; 58.30
229.54; 5838.59; 20.76; 186.20; 1; 4; 57.60
254.07; 6851.69; 15.43; 47.88; 5; 5; 76.46
95.97; 2899.18; 50.14; 297.73; 5; 0; 163.74
118.89; 3272.27; 21.03; 211.01; 3; 2; 46.46
247.44; 6285.98; 23.67; 123.20; 1; 7; 69.62
188.26; 4806.48; 7.24; 160.52; 1; 7; 72.12
114.34; 2958.48; 28.70; 196.05; 1; 3; 42.16
212.43; 5410.77; 57.87; 73.13; 1; 3; 47.69
123.70; 3392.52; 54.29; 47.11; 3; 5; 46.25
219.60; 5990.01; 0.47; 115.88; 5; 5; 96.64
176.72; 4718.02; 24.92; 105.02; 3; 0; 60.85
95.89; 2897.24; 32.55; 180.64; 5; 3; 47.96
83.94; 2298.39; 48.47; 139.99; 2; 3; 34.04
109.54; 2938.53; 36.65; 168.99; 2; 0; 46.64
208.42; 5610.43; 58.79; 104.59; 4; 0; 48.74
250.13; 6753.16; 30.37; 116.14; 5; 7; 59.46
237.16; 6328.89; 11.14; 259.52; 4; 5; 77.15
240.93; 6223.15; 67.57; 97.17; 2; 1; 49.19
104.89; 2822.16; 35.24; 112.51; 2; 3; 44.24
71.03; 1975.70; 25.99; 84.57; 2; 2; 41.10
162.44; 4561.00; 30.36; 64.86; 5; 7; 54.39
81.84; 2246.11; 77.81; 81.57; 2; 7; 25.48
108.99; 2924.74; 1.75; 131.80; 2; 3; 50.89
235.19; 6079.77; 1.52; 64.52; 2; 6; 72.25
93.08; 2826.95; 10.35; 238.33; 5; 3; 88.92
85.19; 2529.69; 40.56; 208.49; 4; 5; 44.27
233.30; 6132.38; 32.77; 43.17; 3; 3; 68.94
215.66; 5891.50; 7.15; 113.44; 5; 1; 87.71
207.26; 5681.45; 73.94; 41.27; 5; 4; 39.82
211.28; 5382.05; 30.90; 67.84; 1; 0; 69.94
108.77; 2919.27; 76.37; 74.24; 2; 0; 26.98
135.95; 3798.68; 60.95; 229.17; 4; 7; 41.39
161.00; 4424.91; 53.17; 40.99; 4; 3; 60.49
178.73; 4768.14; 7.45; 170.77; 3; 1; 65.22
204.12; 5202.92; 18.92; 268.84; 1; 2; 207.18
260.85; 6921.27; 44.66; 127.94; 4; 5; 68.39
73.86; 2146.62; 39.53; 55.54; 3; 0; 40.86
217.67; 5541.70; 74.40; 149.19; 1; 7; 54.84
187.28; 4882.02; 65.89; 111.31; 2; 7; 56.89
181.26; 4831.43; 51.31; 289.11; 3; 1; 59.94
278.79; 7369.69; 36.21; 262.78; 4; 2; 70.72
69.24; 2031.08; 9.73; 249.22; 3; 2; 47.43
64.10; 2102.47; 49.87; 65.16; 5; 5; 34.32
109.07; 2926.86; 9.13; 279.89; 2; 6; 40.36
215.24; 5581.00; 65.50; 103.11; 2; 2; 48.95
116.84; 3020.89; 43.38; 287.57; 1; 7; 45.75
87.03; 2475.73; 46.46; 276.82; 3; 6; 33.50
207.00; 5474.95; 55.99; 285.45; 3; 2; 50.72
222.87; 5871.74; 5.58; 41.90; 3; 6; 172.30
79.87; 2296.69; 2.14; 172.28; 3; 3; 47.10
262.25; 6956.35; 26.41; 97.29; 4; 2; 141.17
225.93; 6048.35; 49.47; 251.04; 4; 0; 53.97
64.48; 2112.04; 58.02; 167.66; 5; 2; 184.41
94.61; 2765.24; 57.49; 269.81; 4; 2; 37.38
60.22; 1805.50; 16.80; 230.75; 3; 0; 33.94
169.35; 4733.72; 41.71; 196.73; 5; 1; 63.19
133.36; 3833.96; 23.27; 192.75; 5; 7; 48.80
99.91; 2797.66; 26.59; 136.12; 3; 4; 36.97
97.47; 2536.86; 50.57; 94.32; 1; 5; 33.68
102.02; 2750.43; 37.77; 170.76; 2; 2; 47.75
89.39; 2634.67; 16.04; 195.70; 4; 6; 46.59
92.46; 2611.43; 46.03; 186.96; 3; 6; 39.39
64.58; 1914.44; 16.51; 52.00; 3; 4; 40.99
184.02; 4800.61; 60.11; 257.31; 2; 0; 47.19
187.98; 5199.61; 18.82; 134.09; 5; 0; 62.47
61.38; 1734.61; 40.28; 70.95; 2; 2; 26.46
149.97; 4149.25; 63.73; 290.64; 4; 2; 116.17
85.29; 2232.25; 19.30; 252.89; 1; 3; 35.49
239.83; 6095.83; 68.39; 229.30; 1; 7; 51.80
148.65; 3916.18; 16.35; 126.61; 2; 5; 60.12
174.44; 4560.98; 15.10; 84.34; 2; 4; 60.70
240.42; 6110.42; 14.71; 284.89; 1; 1; 78.17
182.27; 4656.66; 21.08; 271.59; 1; 3; 56.55
164.70; 4617.61; 43.24; 159.33; 5; 4; 56.57
134.97; 3474.37; 58.72; 197.69; 1; 4; 42.03
221.34; 5633.60; 34.26; 261.47; 1; 6; 57.39
215.17; 5579.30; 33.22; 288.48; 2; 3; 59.75
99.25; 2581.19; 6.08; 107.43; 1; 1; 55.62
93.48; 2436.98; 60.55; 130.81; 1; 2; 35.81
183.91; 5097.73; 4.23; 137.91; 5; 5; 77.31
211.06; 5776.61; 52.25; 116.22; 5; 3; 49.45
160.47; 4311.66; 34.68; 240.45; 3; 3; 56.62
276.15; 7403.73; 36.62; 156.04; 5; 0; 80.31
146.21; 3855.13; 74.48; 233.23; 2; 5; 35.85
241.86; 6446.60; 23.87; 162.16; 4; 4; 76.26
120.35; 3408.72; 50.41; 154.79; 4; 3; 42.89
68.93; 2223.34; 38.07; 210.06; 5; 7; 198.12
139.32; 3582.92; 65.96; 100.69; 1; 0; 39.32
187.52; 5088.11; 20.50; 268.37; 4; 3; 73.89
251.05; 6576.29; 32.62; 278.53; 3; 0; 69.18
152.89; 3922.32; 41.48; 102.22; 1; 5; 50.49
147.32; 3983.09; 59.67; 210.70; 3; 1; 222.94
69.72; 2242.98; 33.66; 235.55; 5; 4; 31.14
129.30; 3732.52; 32.47; 125.18; 5; 1; 53.12
95.41; 2885.30; 76.33; 57.77; 5; 1; 22.29
93.89; 2447.28; 2.74; 196.32; 1; 6; 44.50
95.75; 2893.67; 34.48; 158.85; 5; 5; 43.32
257.98; 6949.51; 60.81; 70.76; 5; 2; 70.95
212.18; 5404.61; 38.14; 125.69; 1; 4; 67.21
164.74; 4418.38; 29.78; 75.51; 3; 1; 57.33
99.60; 2690.08; 18.37; 166.89; 2; 5; 46.06
131.87; 3696.66; 58.23; 210.81; 4; 5; 37.36
233.27; 6331.82; 64.94; 267.96; 5; 0; 50.11
198.24; 5056.08; 19.58; 223.75; 1; 7; 292.34
225.73; 5843.20; 62.44; 254.55; 2; 7; 58.30
266.78; 6769.41; 56.85; 222.57; 1; 3; 56.93
122.37; 3259.34; 18.43; 140.03; 2; 5; 53.35
250.50; 6762.42; 34.19; 233.34; 5; 0; 76.38
265.49; 7137.33; 28.97; 247.89; 5; 7; 65.79
270.83; 6970.84; 46.03; 272.92; 2; 1; 282.65
256.75; 6518.76; 15.41; 126.84; 1; 2; 81.58
156.27; 4406.79; 77.20; 236.00; 5; 1; 36.86
83.40; 2384.95; 32.17; 126.61; 3; 7; 41.28
170.03; 4650.63; 66.45; 60.30; 4; 5; 42.61
266.42; 6760.54; 13.90; 197.97; 1; 3; 80.10
190.98; 4874.53; 12.51; 231.24; 1; 1; 78.53
84.10; 2302.53; 22.78; 203.89; 2; 5; 40.44
212.46; 5711.53; 67.05; 267.59; 4; 0; 55.82
256.09; 6602.20; 30.19; 216.20; 2; 0; 64.98
219.48; 5687.00; 42.44; 162.22; 2; 3; 59.85
82.03; 2550.76; 73.84; 57.29; 5; 1; 28.66
138.70; 3967.50; 77.42; 113.30; 5; 1; 31.55
150.66; 4166.56; 27.85; 51.61; 4; 5; 55.54
214.12; 5652.98; 26.89; 251.30; 3; 7; 58.18
73.28; 2332.07; 37.85; 210.98; 5; 7; 36.92
132.57; 3414.19; 6.62; 97.93; 1; 4; 62.14
151.17; 4179.18; 75.27; 68.92; 4; 3; 37.40
121.24; 3130.90; 22.09; 193.29; 1; 1; 38.08
129.35; 3533.77; 75.17; 229.50; 3; 6; 37.68
258.85; 6671.34; 28.00; 146.83; 2; 4; 71.17
134.87; 3571.81; 54.50; 294.36; 2; 0; 38.25
254.30; 6857.43; 54.87; 202.26; 5; 6; 54.62
140.17; 4004.30; 6.72; 172.00; 5; 0; 64.09
128.12; 3703.10; 23.93; 221.76; 5; 7; 53.70
91.06; 2376.60; 20.16; 70.49; 1; 3; 49.20
225.23; 6130.63; 62.37; 157.34; 5; 3; 57.03
219.44; 5986.05; 22.61; 71.53; 5; 0; 77.24
275.36; 7383.96; 63.53; 297.70; 5; 7; 53.76
111.61; 3290.32; 62.95; 253.87; 5; 0; 28.93
76.82; 2120.39; 13.54; 54.41; 2; 2; 41.81
144.31; 3807.78; 1.38; 125.17; 2; 1; 164.67
91.22; 2580.58; 49.62; 83.28; 3; 0; 34.00
137.23; 3830.74; 18.49; 233.12; 4; 6; 60.15
248.27; 6406.83; 10.46; 176.90; 2; 3; 84.68
93.28; 2432.11; 33.97; 238.69; 1; 0; 34.07
123.10; 3477.42; 71.13; 260.16; 4; 6; 38.42
163.88; 4196.98; 8.24; 129.21; 1; 7; 59.51
92.47; 2711.70; 70.35; 188.00; 4; 7; 33.91
191.71; 5292.65; 26.39; 136.08; 5; 6; 74.21
138.14; 3753.52; 54.92; 97.50; 3; 1; 54.99
274.17; 6954.35; 66.49; 279.11; 1; 4; 57.90
241.65; 6141.25; 27.22; 271.86; 1; 1; 71.57
248.68; 6317.02; 0.97; 201.09; 1; 6; 69.90
121.03; 3425.74; 5.27; 214.11; 4; 2; 62.65
238.98; 6374.38; 55.06; 47.81; 4; 4; 55.70
225.45; 6136.21; 47.96; 270.33; 5; 6; 58.56
231.15; 5978.87; 15.23; 243.46; 2; 4; 81.56
103.98; 2999.48; 6.04; 173.68; 4; 2; 53.88
154.97; 4374.21; 52.14; 94.85; 5; 6; 49.60
225.73; 5743.28; 9.46; 215.58; 1; 7; 68.02
129.93; 3348.35; 43.20; 146.92; 1; 6; 48.10
213.68; 5541.88; 61.52; 164.88; 2; 0; 57.79
65.33; 1833.17; 12.26; 239.75; 2; 6; 38.18
274.27; 7356.87; 63.89; 85.85; 5; 6; 66.51
239.52; 6087.88; 28.31; 297.59; 1; 2; 50.51
263.08; 6676.95; 20.07; 135.52; 1; 4; 88.15
94.92; 2473.02; 8.46; 86.62; 1; 3; 45.75
249.88; 6447.08; 67.80; 264.32; 2; 2; 47.61
70.38; 2059.52; 60.41; 57.34; 3; 0; 31.35
167.26; 4481.53; 75.71; 137.27; 3; 2; 34.16
170.84; 4670.91; 75.74; 224.99; 4; 3; 44.42
109.14; 3128.60; 55.98; 129.43; 4; 4; 39.80
265.11; 6927.63; 62.44; 231.01; 3; 3; 57.94
229.73; 6043.23; 29.99; 158.77; 3; 2; 76.15
279.12; 7477.98; 72.91; 55.24; 5; 4; 55.98
139.24; 3680.88; 71.50; 193.82; 2; 7; 31.84
136.49; 3512.21; 15.01; 40.86; 1; 1; 59.85
186.59; 5064.86; 57.88; 145.11; 4; 3; 46.09
90.72; 2567.94; 41.47; 121.86; 3; 6; 35.53
61.12; 1927.88; 40.50; 55.26; 4; 4; 31.75
270.34; 7258.38; 61.59; 73.44; 5; 0; 65.40
155.29; 3982.16; 48.01; 121.31; 1; 2; 41.79
87.23; 2380.72; 33.91; 272.69; 2; 1; 41.82
66.36; 2158.89; 19.73; 166.48; 5; 3; 39.67
198.63; 5365.84; 14.13; 95.20; 4; 0; 68.48
154.47; 4161.65; 12.17; 102.80; 3; 7; 61.61
185.67; 5141.72; 23.22; 227.00; 5; 1; 60.90
239.05; 6076.19; 52.33; 60.24; 1; 5; 184.59
112.55; 3013.73; 15.96; 138.49; 2; 3; 56.22
162.93; 4273.27; 59.44; 115.10; 2; 2; 44.66
263.92; 6997.88; 78.28; 160.71; 4; 0; 44.96
275.19; 7179.78; 31.01; 229.84; 3; 5; 64.99
76.87; 2121.86; 5.73; 284.14; 2; 7; 49.09
180.46; 4911.57; 71.86; 209.13; 4; 4; 36.31
97.51; 2837.69; 15.92; 126.71; 4; 0; 46.06
208.46; 5611.45; 56.11; 133.95; 4; 4; 43.97
236.14; 6303.49; 37.07; 109.78; 4; 2; 67.88
111.53; 2988.18; 52.08; 69.15; 2; 3; 38.12
210.26; 5656.56; 56.12; 92.28; 4; 7; 56.80
269.30; 7032.62; 68.02; 204.00; 3; 7; 60.07
99.14; 2678.58; 48.90; 155.13; 2; 4; 44.09
64.90; 2122.59; 76.39; 45.99; 5; 4; 18.37
190.19; 5054.71; 23.16; 118.40; 3; 4; 60.92
210.08; 5552.08; 62.58; 146.07; 3; 4; 45.87
73.89; 2147.17; 42.59; 240.80; 3; 3; 38.85
114.45; 3061.19; 34.55; 167.72; 2; 1; 202.45
207.75; 5393.85; 55.35; 209.27; 2; 2; 58.08
247.76; 6593.91; 75.29; 194.72; 4; 3; 48.67
149.40; 3834.88; 58.23; 165.72; 1; 7; 43.49
187.28; 4782.05; 64.58; 256.01; 1; 5; 53.48
75.42; 2185.42; 56.56; 130.75; 3; 1; 29.60
98.67; 2766.79; 36.51; 195.04; 3; 1; 43.23
130.24; 3656.08; 4.75; 192.49; 4; 3; 64.40
130.60; 3565.10; 33.96; 82.11; 3; 1; 62.58
145.96; 4049.01; 59.72; 82.48; 4; 1; 42.68
165.79; 4444.72; 34.12; 151.80; 3; 3; 68.17
155.07; 4376.69; 29.68; 92.68; 5; 4; 52.09
197.94; 5448.38; 75.49; 124.34; 5; 2; 42.14
98.49; 2762.28; 50.24; 66.16; 3; 0; 44.15
192.21; 5305.18; 71.93; 267.91; 5; 5; 44.73
277.47; 7336.75; 3.09; 78.54; 4; 3; 98.79
104.00; 3099.96; 70.14; 239.28; 5; 6; 28.89
260.85; 6621.16; 19.22; 218.36; 1; 6; 75.02
147.86; 4096.42; 34.39; 295.98; 4; 6; 58.49
118.41; 3460.28; 37.47; 96.47; 5; 2; 55.09
265.42; 7035.44; 63.08; 91.93; 4; 4; 51.06
163.06; 4176.48; 11.67; 222.73; 1; 6; 67.01
62.32; 1858.03; 58.04; 240.58; 3; 6; 28.67
260.43; 6910.68; 60.50; 212.41; 4; 3; 69.84
102.92; 2873.11; 63.25; 229.77; 3; 0; 39.67
83.02; 2575.48; 41.06; 276.21; 5; 5; 40.43
85.88; 2547.10; 65.95; 85.58; 4; 6; 30.86
162.15; 4153.82; 18.17; 219.95; 1; 3; 57.40
142.21; 3755.20; 54.85; 260.81; 2; 5; 41.85
276.86; 7321.39; 4.26; 114.85; 4; 7; 92.89
165.12; 4427.94; 6.12; 248.68; 3; 4; 55.96
98.39; 2659.79; 57.84; 235.41; 2; 6; 32.00
108.65; 2816.27; 35.62; 56.81; 1; 6; 50.40
141.89; 3747.18; 9.43; 126.22; 2; 0; 58.13
184.28; 5106.88; 30.63; 120.08; 5; 1; 57.44
86.37; 2359.36; 70.16; 183.80; 2; 3; 29.37
252.90; 6722.50; 45.05; 245.83; 4; 2; 70.18
142.80; 3870.01; 76.03; 63.97; 3; 6; 35.25
146.34; 4158.51; 6.87; 142.21; 5; 1; 68.03
250.48; 6462.05; 44.94; 74.28; 2; 4; 61.13
147.53; 3788.17; 21.53; 179.71; 1; 5; 62.03
96.47; 2711.73; 16.39; 168.76; 3; 0; 51.37
134.29; 3857.17; 17.54; 246.38; 5; 4; 59.20
175.39; 4584.79; 67.00; 89.06; 2; 5; 42.11
152.09; 4302.25; 4.59; 234.66; 5; 6; 70.42
174.57; 4464.13; 32.25; 206.22; 1; 4; 68.60
157.28; 4432.05; 26.59; 76.65; 5; 5; 58.41
201.82; 5445.58; 72.66; 288.15; 4; 7; 49.90
117.03; 3325.76; 57.14; 174.27; 4; 6; 39.12
84.46; 2311.51; 4.43; 283.59; 2; 4; 50.76
189.46; 4836.55; 13.51; 232.76; 1; 0; 65.96
125.90; 3647.58; 47.38; 59.67; 5; 7; 49.14
245.08; 6327.00; 34.30; 168.72; 2; 3; 76.62
95.43; 2485.76; 36.59; 131.95; 1; 6; 43.94
207.37; 5484.25; 10.45; 102.19; 3; 1; 70.61
82.63; 2165.87; 27.64; 199.49; 1; 7; 241.25
156.86; 4421.39; 77.85; 214.91; 5; 4; 30.80
127.77; 3294.37; 26.65; 154.31; 1; 2; 58.42
257.50; 6937.45; 18.35; 124.06; 5; 4; 76.99
199.52; 5087.99; 68.68; 260.37; 1; 4; 46.12
169.80; 4344.96; 8.97; 100.20; 1; 3; 58.16
276.35; 7108.75; 9.51; 198.68; 2; 4; 90.63
64.60; 1714.92; 19.23; 286.58; 1; 1; 36.55
115.37; 3184.36; 32.81; 137.70; 3; 2; 52.59
220.55; 5813.86; 69.10; 136.41; 3; 7; -164.02
148.15; 4203.63; 18.90; 228.59; 5; 6; 66.41
104.45; 2711.19; 4.44; 192.94; 1; 1; 51.59
169.71; 4742.87; 9.11; 219.30; 5; 7; 54.33
171.28; 4581.98; 18.90; 178.23; 3; 7; 62.45
61.86; 1846.60; 32.72; 207.49; 3; 0; 35.72
96.12; 2902.99; 56.03; 216.16; 5; 1; 35.09
225.94; 5948.60; 51.93; 165.91; 3; 5; 63.63
185.46; 5136.62; 39.09; 266.32; 5; 5; 53.84
239.71; 6492.68; 57.29; 280.80; 5; 0; 51.64
91.65; 2591.14; 33.78; 223.64; 3; 3; 38.24
146.14; 3853.52; 51.11; 141.86; 2; 7; 46.96
256.56; 6913.95; 20.10; 146.68; 5; 0; 80.76
77.22; 2130.51; 63.86; 40.61; 2; 3; 33.48
261.84; 6846.03; 8.80; 49.79; 3; 5; 94.99
240.30; 6207.53; 0.37; 226.38; 2; 0; 84.70
219.90; 5597.45; 71.17; 72.40; 1; 7; 47.14
129.45; 3336.20; 10.44; 198.31; 1; 1; 51.38
175.21; 4680.19; 3.67; 256.72; 3; 5; 59.66
169.82; 4745.47; 68.41; 101.66; 5; 0; 44.45
153.77; 4044.14; 37.21; 239.44; 2; 5; 51.28
262.37; 6859.32; 19.95; 291.30; 3; 0; 72.54
157.45; 4436.22; 3.17; 246.33; 5; 5; 76.20
217.67; 5841.72; 36.34; 289.78; 4; 2; 54.75
218.96; 5574.02; 63.83; 263.76; 1; 4; 51.91
211.34; 5383.60; 22.84; 119.64; 1; 3; 67.17
141.57; 3639.21; 76.39; 81.13; 1; 7; 35.56
231.92; 6298.03; 43.72; 186.53; 5; 5; 60.53
253.19; 6529.71; 69.97; 126.32; 2; 1; 55.65
236.70; 6117.42; 67.45; 80.47; 2; 6; 48.43
135.49; 3887.17; 15.07; 240.82; 5; 6; 58.56
155.77; 4294.30; 5.63; 196.64; 4; 5; 62.80
125.14; 3528.39; 59.08; 296.60; 4; 3; 32.46
199.17; 5479.15; 43.28; 98.18; 5; 2; 49.60
234.38; 6059.38; 10.99; 150.66; 2; 4; 69.51
126.80; 3669.89; 0.62; 176.99; 5; 6; 60.32
220.55; 5613.85; 55.25; 73.22; 1; 7; 54.17
236.13; 6103.27; 28.25; 185.66; 2; 5; 78.78
210.81; 5570.22; 15.35; 244.00; 3; 6; 69.21
173.93; 4448.28; 7.85; 80.86; 1; 7; 70.56
82.29; 2557.21; 34.56; 249.69; 5; 0; 47.30
139.91; 3697.63; 20.87; 178.70; 2; 7; 54.14
257.90; 6647.38; 23.11; 139.02; 2; 2; 67.22
111.94; 3098.50; 24.53; 149.73; 3; 6; 42.69
242.73; 6368.19; 14.91; 182.39; 3; 4; 78.46
175.62; 4490.45; 8.29; 96.53; 1; 4; 59.62
150.12; 3853.03; 24.64; 42.36; 1; 7; 58.25
78.10; 2252.49; 48.66; 260.63; 3; 1; 37.07
264.69; 7117.22; 71.26; 56.77; 5; 0; 55.96
94.81; 2870.14; 47.35; 160.48; 5; 2; 41.55
261.79; 6844.65; 35.48; 247.15; 3; 4; 70.69
107.45; 2986.16; 59.61; 218.12; 3; 0; 36.76
189.07; 4826.78; 20.44; 105.43; 1; 7; 64.04
129.12; 3327.98; 40.56; 45.01; 1; 5; 56.19
262.27; 6656.71; 34.42; 129.16; 1; 4; 71.70
213.83; 5445.78; 79.32; 151.78; 1; 3; 37.66
203.43; 5185.65; 72.67; 139.63; 1; 5; 43.18
207.99; 5599.82; 32.81; 235.78; 4; 0; 57.80
276.36; 7309.10; 62.95; 142.54; 4; 3; 58.92
103.76; 3093.97; 16.08; 46.86; 5; 3; 53.24
106.81; 2870.31; 17.73; 263.96; 2; 6; 49.34
78.25; 2056.37; 77.09; 217.73; 1; 7; 27.68
240.31; 6507.86; 27.07; 145.04; 5; 5; 75.95
250.72; 6667.96; 52.68; 160.70; 4; 0; 64.37
170.11; 4352.85; 67.02; 96.12; 1; 1; 38.69
155.31; 3982.72; 45.31; 95.21; 1; 5; 47.66
124.35; 3208.87; 41.99; 235.12; 1; 2; 47.99
99.22; 2780.55; 17.05; 109.79; 3; 3; 51.31
162.12; 4152.89; 14.36; 284.49; 1; 6; 66.31
217.15; 5528.87; 40.99; 217.28; 1; 1; 60.23
274.16; 7254.06; 10.06; 188.25; 4; 0; 86.77
114.50; 3262.41; 67.35; 237.14; 4; 1; 40.46
219.50; 5687.60; 52.47; 231.40; 2; 4; 60.00
226.11; 6152.67; 10.94; 277.55; 5; 1; 74.15
88.00; 2699.98; 23.02; 165.17; 5; 0; 49.90
253.11; 6727.80; 23.66; 247.50; 4; 7; 57.21
188.08; 5101.94; 71.24; 109.08; 4; 3; 47.76
113.84; 3045.88; 63.59; 157.59; 2; 6; 36.19
78.66; 2066.42; 19.66; 252.73; 1; 1; 39.90
264.63; 6815.68; 22.37; 280.07; 2; 4; 67.29
88.12; 2302.99; 61.45; 276.43; 1; 1; 33.81
78.65; 2166.32; 60.79; 142.98; 2; 7; 32.31
179.42; 4785.54; 16.36; 125.86; 3; 3; 60.71
236.17; 6304.16; 21.08; 94.67; 4; 4; 69.82
270.89; 6972.35; 70.64; 157.50; 2; 4; 51.41
174.28; 4856.98; 19.18; 280.13; 5; 1; 61.94
268.64; 7016.04; 59.04; 229.17; 3; 3; 59.36
223.45; 5886.25; 32.58; 93.93; 3; 3; 63.81
161.60; 4339.95; 24.65; 197.46; 3; 3; 66.49
113.13; 2928.25; 12.99; 237.92; 1; 0; 45.88
118.76; 3168.95; 13.01; 154.10; 2; 2; 275.57
84.42; 2410.45; 25.96; 276.61; 3; 2; 43.20
258.77; 6769.25; 45.69; 147.39; 3; 7; 58.31
63.70; 1992.54; 27.03; 281.49; 4; 2; 40.64
175.51; 4687.73; 60.84; 224.22; 3; 7; 42.19
81.67; 2141.79; 34.36; 267.93; 1; 2; 40.88
182.30; 4957.48; 30.88; 89.13; 4; 6; 52.76
162.91; 4172.79; 39.85; 96.96; 1; 6; 56.03
148.28; 3806.94; 64.94; 122.51; 1; 7; 37.33
95.81; 2695.33; 10.96; 154.88; 3; 0; 47.18
228.31; 6007.73; 47.04; 244.74; 3; 5; 61.87
91.77; 2394.15; 51.72; 275.76; 1; 3; 33.63
142.98; 3774.45; 77.83; 163.24; 2; 3; 33.82
217.82; 5945.62; 50.30; 87.11; 5; 2; 65.98
247.95; 6298.81; 40.92; 263.05; 1; 2; 187.89
218.80; 5669.96; 72.70; 252.18; 2; 7; 48.98
141.49; 3737.30; 63.51; 87.64; 2; 7; 45.40
208.09; 5702.19; 17.31; 201.66; 5; 6; 60.55
215.96; 5499.11; 53.45; 61.97; 1; 5; 60.68
200.79; 5319.84; 48.71; 125.04; 3; 5; 57.44
60.78; 1619.62; 78.25; 261.34; 1; 0; 22.20
170.26; 4656.42; 1.61; 142.42; 4; 5; 76.22
205.75; 5543.69; 55.99; 222.56; 4; 5; 55.35
67.23; 2180.87; 65.64; 194.22; 5; 4; 28.13
86.59; 2364.68; 3.58; 45.64; 2; 3; 45.32
64.53; 2113.32; 69.44; 286.39; 5; 7; 23.72
211.27; 5481.80; 49.74; 57.93; 2; 5; 50.13
238.60; 6365.09; 77.48; 244.17; 4; 7; 49.98
224.16; 6104.03; 73.73; 241.84; 5; 6; 41.06
123.95; 3398.86; 1.20; 224.14; 3; 2; 57.40
112.58; 3314.54; 59.86; 296.69; 5; 1; 37.05
193.80; 4945.00; 23.41; 69.41; 1; 4; 128.67
107.89; 2897.16; 36.75; 72.73; 2; 7; 44.76
181.57; 4839.14; 10.65; 43.20; 3; 1; 66.95
121.56; 3539.00; 39.01; 156.22; 5; 6; 46.56
190.86; 5271.60; 49.12; 138.86; 5; 6; 59.61
272.44; 7210.94; 9.53; 98.42; 4; 3; 97.61
62.06; 1751.56; 69.72; 233.42; 2; 6; 20.82
172.59; 4614.76; 51.63; 97.28; 3; 3; 52.73
97.98; 2949.47; 7.77; 199.24; 5; 6; 51.89
131.31; 3582.70; 41.82; 166.75; 3; 1; 49.90
208.89; 5522.21; 47.95; 157.62; 3; 6; 52.58
206.83; 5270.82; 58.46; 94.45; 1; 3; 60.56
148.74; 4018.54; 36.47; 207.08; 3; 0; 55.47
83.28; 2381.94; 63.67; 65.51; 3; 4; 26.87
145.06; 4126.61; 52.60; 203.92; 5; 1; 36.44
279.35; 7483.76; 79.66; 249.62; 5; 0; 46.47
217.17; 5829.37; 70.68; 64.42; 4; 3; 45.94
261.04; 6626.06; 31.54; 294.35; 1; 4; 77.86
67.76; 2094.08; 61.54; 188.09; 4; 2; 26.79
188.76; 5219.10; 70.04; 185.10; 5; 5; 48.63
257.99; 6749.83; 23.13; 125.64; 3; 4; 71.14
180.10; 4802.52; 57.71; 231.79; 3; 2; 48.01
184.06; 4701.40; 62.59; 65.43; 1; 0; 56.58
131.01; 3575.19; 67.09; 63.95; 3; 7; 33.21
108.85; 3221.21; 65.06; 299.37; 5; 7; 30.28
123.45; 3586.32; 43.26; 220.72; 5; 7; 38.57
260.57; 7014.23; 61.67; 283.25; 5; 5; 49.72
277.16; 7229.11; 40.76; 199.01; 3; 3; 63.79
140.20; 3904.91; 62.74; 245.87; 4; 4; 42.77
87.67; 2491.78; 45.65; 65.61; 3; 1; 39.63
265.72; 6842.97; 57.09; 291.79; 2; 0; 57.93
219.80; 5895.10; 22.48; 179.86; 4; 5; 67.30
265.45; 7036.32; 54.25; 225.93; 4; 1; 57.05
176.04; 4600.97; 21.13; 79.21; 2; 6; 60.07
195.29; 5182.19; 73.13; 273.15; 3; 0; 38.76
88.03; 2700.81; 4.65; 214.35; 5; 7; 50.53
206.83; 5470.76; 48.01; 259.39; 3; 3; 59.48
123.65; 3591.18; 24.79; 298.14; 5; 6; 48.85
275.52; 7187.95; 64.08; 174.59; 3; 3; 56.02
72.68; 2016.89; 30.71; 236.65; 2; 6; 39.31
141.93; 3848.16; 30.60; 204.78; 3; 6; 57.52
231.06; 5976.49; 63.40; 53.26; 2; 6; 169.63
252.73; 6518.14; 54.22; 215.00; 2; 5; 68.34
73.58; 2339.40; 18.70; 88.48; 5; 7; 40.13
132.25; 3706.24; 3.78; 245.98; 4; 1; 67.85
225.97; 6049.22; 19.24; 271.67; 4; 3; 63.48
60.11; 1802.67; 16.82; 128.20; 3; 5; 32.29
181.29; 4832.19; 7.38; 92.49; 3; 3; 72.13
221.66; 5741.49; 77.98; 181.87; 2; 4; 40.24
278.02; 7350.44; 56.49; 231.49; 4; 6; 53.68
118.65; 3166.19; 69.75; 291.47; 2; 2; 41.94
236.79; 6219.85; 39.24; 77.29; 3; 1; 58.93
103.70; 2892.48; 57.04; 181.37; 3; 6; 35.94
232.34; 5908.59; 11.74; 279.88; 1; 5; 70.20
123.09; 3177.18; 21.53; 43.62; 1; 1; 46.01
119.21; 3180.29; 25.78; 56.06; 2; 3; 40.04
251.02; 6675.46; 34.20; 199.82; 4; 0; 62.49
114.77; 3369.21; 38.39; 264.67; 5; 6; 41.69
60.66; 1916.42; 32.78; 45.16; 4; 3; 36.73
69.52; 1838.10; 15.94; 219.65; 1; 3; 38.96
241.27; 6231.77; 31.34; 230.22; 2; 3; 69.54
128.67; 3416.79; 11.19; 104.08; 2; 7; 60.76
122.94; 3573.55; 0.30; 223.92; 5; 5; 63.82
94.15; 2853.86; 66.28; 202.74; 5; 5; 29.99
272.96; 7023.91; 6.44; 235.84; 2; 7; 74.73
99.79; 2794.86; 8.96; 183.63; 3; 4; 52.13
245.36; 6633.93; 67.31; 66.44; 5; 0; 57.26
256.89; 6822.16; 13.70; 122.75; 4; 4; 87.31
201.46; 5236.51; 2.22; 243.73; 2; 7; 67.36
243.06; 6376.38; 20.25; 116.18; 3; 5; 73.12
103.05; 2976.17; 68.37; 173.16; 4; 7; 33.15
94.61; 2465.23; 43.91; 76.62; 1; 0; 40.83
259.61; 6690.23; 47.89; 147.00; 2; 1; 68.34
194.67; 5166.65; 28.56; 218.09; 3; 4; 55.67
166.14; 4453.50; 6.80; 182.61; 3; 3; 61.27
210.13; 5753.18; 78.98; 213.65; 5; 1; 41.58
173.60; 4740.04; 58.07; 272.46; 4; 6; 49.05
138.58; 3564.59; 1.94; 81.58; 1; 5; 50.48
129.73; 3443.17; 69.16; 51.28; 2; 7; 35.09
163.54; 4288.58; 32.25; 255.43; 2; 4; 46.34
180.99; 4724.82; 67.22; 174.21; 2; 3; 47.86
254.75; 6768.80; 15.52; 89.04; 4; 6; 65.30
217.00; 5724.94; 29.01; 101.77; 3; 1; 175.62
147.20; 3979.93; 46.88; 281.63; 3; 5; 45.95
165.04; 4426.11; 19.07; 198.74; 3; 5; 54.12
139.93; 3698.27; 66.55; 222.53; 2; 3; 32.90
116.95; 3323.82; 71.09; 151.25; 4; 2; 33.16
243.05; 6476.18; 55.97; 151.02; 4; 2; 254.36
258.28; 6957.09; 75.74; 61.86; 5; 2; 49.03
160.03; 4300.73; 35.55; 55.21; 3; 7; 54.44
130.14; 3653.61; 25.13; 87.67; 4; 4; 53.39
215.27; 5581.69; 51.55; 40.03; 2; 6; 62.37
244.92; 6323.07; 55.74; 261.53; 2; 1; 65.25
172.03; 4400.79; 14.32; 117.35; 1; 2; 58.20
150.78; 4169.47; 68.95; 71.30; 4; 4; 34.29
270.52; 6962.90; 27.88; 63.12; 2; 1; 75.03
142.23; 3755.67; 30.55; 231.67; 2; 5; 164.53
66.82; 2070.55; 49.22; 58.36; 4; 7; 34.50
254.04; 6750.91; 73.29; 134.74; 4; 3; 142.59
192.84; 5220.88; 6.82; 78.31; 4; 7; 78.21
187.45; 4886.31; 70.05; 221.33; 2; 0; 38.27
214.05; 5451.16; 74.73; 89.83; 1; 2; 53.33
248.09; 6302.33; 0.34; 101.61; 1; 6; 82.94
208.55; 5513.78; 5.02; 276.09; 3; 3; 69.99
219.99; 5599.63; 54.59; 195.80; 1; 7; 62.71
175.70; 4492.46; 67.25; 70.04; 1; 2; 42.77
104.90; 3022.62; 33.93; 100.36; 4; 6; 45.07
239.33; 6083.18; 76.86; 179.56; 1; 3; 48.90
148.60; 4214.91; 39.29; 264.07; 5; 2; 49.50
109.20; 2830.00; 16.09; 166.26; 1; 4; 48.60
210.46; 5661.38; 42.53; 245.52; 4; 0; 61.04
180.28; 4806.97; 67.27; 288.12; 3; 4; 47.80
230.97; 6274.24; 66.20; 50.43; 5; 1; 49.82
192.52; 5212.88; 13.98; 239.13; 4; 7; 66.51
189.77; 5244.23; 21.61; 275.52; 5; 2; 72.88
172.42; 4410.39; 47.95; 157.54; 1; 1; 53.99
238.15; 6453.72; 31.97; 292.57; 5; 1; 69.26
246.35; 6358.84; 25.59; 93.29; 2; 0; 72.76
275.86; 7196.51; 27.23; 148.95; 3; 2; 72.37
195.13; 4978.21; 12.98; 82.93; 1; 5; 52.88
191.89; 5297.18; 9.54; 235.17; 5; 2; 50.16
83.69; 2392.27; 60.48; 228.68; 3; 7; 33.27
96.42; 2510.57; 17.85; 165.36; 1; 2; 42.97
119.17; 3079.26; 1.13; 237.55; 1; 2; 52.88
246.26; 6356.51; 77.96; 93.98; 2; 5; 45.29
67.24; 2181.08; 77.49; 277.92; 5; 7; 20.40
268.75; 6918.65; 54.45; 197.59; 2; 5; 76.77
278.51; 7162.81; 16.08; 112.47; 2; 0; 82.95
114.39; 3259.75; 52.62; 230.97; 4; 0; 38.15
111.14; 2978.56; 12.12; 166.95; 2; 3; 41.28
138.63; 3965.87; 72.74; 98.56; 5; 5; 32.14
172.45; 4411.14; 42.21; 151.40; 1; 2; 140.04
185.66; 4741.50; 63.47; 49.73; 1; 1; 45.24
146.46; 4161.46; 58.81; 163.86; 5; 3; 44.37
235.63; 5990.87; 46.82; 144.08; 1; 6; 63.97
196.04; 5300.94; 33.11; 282.79; 4; 2; 51.04
120.76; 3118.99; 56.62; 297.65; 1; 2; 45.22
231.63; 5990.87; 71.28; 148.14; 2; 2; 50.75
131.35; 3383.69; 72.25; 163.69; 1; 5; 58.12
195.59; 5089.64; 22.81; 134.74; 2; 5; 73.61
91.69; 2792.17; 15.78; 109.41; 5; 2; 43.67
263.27; 6981.87; 25.35; 114.93; 4; 2; 67.98
241.27; 6331.76; 39.88; 266.86; 3; 4; 68.74
144.21; 3905.13; 34.64; 86.47; 3; 7; 56.97
269.79; 7244.72; 15.88; 190.96; 5; 6; 79.78
207.80; 5394.99; 41.05; 298.08; 2; 0; 66.16
160.53; 4213.32; 19.20; 131.61; 2; 6; 69.13
176.53; 4713.27; 48.85; 74.93; 3; 6; 47.42
111.11; 2977.69; 27.42; 271.78; 2; 3; 50.74
94.22; 2855.52; 58.11; 41.21; 5; 0; 33.20
118.54; 3163.39; 5.03; 169.57; 2; 7; 60.30
101.73; 2943.27; 37.97; 57.32; 4; 7; 45.04
162.65; 4166.36; 31.85; 64.24; 1; 3; 60.59
264.24; 6806.08; 76.03; 242.00; 2; 3; 46.97
250.31; 6357.76; 51.19; 225.43; 1; 1; 57.18
184.92; 4922.98; 22.56; 231.96; 3; 2; 60.23
225.56; 5838.92; 13.33; 148.53; 2; 1; 228.80
80.61; 2415.26; 46.69; 244.66; 4; 7; 29.63
